date,prediction,actual
2020-12-31,0.0019810260251796018,-0.1702594081110692
2021-01-04,0.012035979895436215,0.13287524305738874
2021-01-05,0.04947106467272112,-0.06554495835919749
2021-01-06,0.022882097313467208,0.11911514463981754
2021-01-07,0.05371304199271801,0.0016089183070071567
2021-01-08,0.03875398234758359,0.016262860935944534
2021-01-11,0.03288850762936117,0.04713099795005116
2021-01-12,0.054421277871140726,0.0368997599811971
2021-01-13,0.03637043345666059,-0.04826779626137989
2021-01-14,0.03708323559452292,-0.10859192099970516
2021-01-15,0.028988147348338465,-0.004556334188795974
2021-01-19,0.03333192128737386,0.11570339017172726
2021-01-20,0.032791205747831814,-0.0024466848288187126
2021-01-21,-0.025057084341982994,-0.06488678307779683
2021-01-22,0.04418800686113022,0.18917022747428125
2021-01-25,-0.02433326441876895,-0.04924035728438625
2021-01-26,-0.005904518562390766,-0.2791046896766164
2021-01-27,0.011393791987287636,-0.0644006364514984
2021-01-28,0.042625244518341585,-0.2482365918942535
2021-01-29,0.04633752094000579,0.3108186287301986
2021-02-01,0.04533787973575223,0.12034210725055905
2021-02-02,0.01870897840379008,-0.013370697100495876
2021-02-03,-0.012449617934033012,0.10407635268151294
2021-02-04,-0.0183159970408662,0.07790037665415017
2021-02-05,-0.04533603222602433,-0.0018469168475686581
2021-02-08,-0.03456112486474102,-0.07787904858476336
2021-02-09,0.03728692416718151,-0.009725265048783793
2021-02-10,0.025661174290100446,0.04212533660757334
2021-02-11,-0.033976815747882826,0.006619934005904993
2021-02-12,0.004694075297924196,0.005918506715228533
2021-02-16,0.001634948896853357,0.2725401118269113
2021-02-17,-0.008124762879059388,-0.0812778206793271
2021-02-18,-0.013362402644980642,0.2620137299771148
2021-02-19,-0.06968774563891017,-0.166306511305924
2021-02-22,-0.045039950468827084,-0.09643513864791298
2021-02-23,-0.05606379622803672,0.09082857594993365
2021-02-24,-0.08117383908744587,-0.4068028795644112
2021-02-25,0.0015155111812767824,-0.1439250575036869
2021-02-26,0.04874872985321744,0.32359345208246615
2021-03-01,-0.030100573920759165,-0.07527755212564258
2021-03-02,0.044519959154173276,-0.11819484240687694
2021-03-03,0.11561429375222149,-0.12352544660110698
2021-03-04,0.051539566337008846,0.184100539643556
2021-03-05,0.022116604471968292,-0.02988199467072683
2021-03-08,-0.013155532502230276,0.13925722499098625
2021-03-09,0.035971119691689354,0.07772183152209244
2021-03-10,0.027582085352031268,0.0774899206293469
2021-03-11,-0.021850364322750684,0.05844307876920496
2021-03-12,-0.029925698361217713,0.024176725699939006
2021-03-15,-0.056715958175065036,-0.06406648670690551
2021-03-16,-0.020674049735034287,0.21453537551195434
2021-03-17,-0.06704912982979966,-0.07153586180998894
2021-03-18,-0.01633119215138362,-0.17452131120904868
2021-03-19,0.033285814876509986,0.13367034047313586
2021-03-22,-0.007749370559788191,0.046052631578948455
2021-03-23,0.020079205858555556,0.06627963231736844
2021-03-24,-0.00034784605151700287,-0.075958809021205
2021-03-25,0.027581887646420934,0.15631993432811764
2021-03-26,-0.04411315389391846,-0.0793947501153971
2021-03-29,-0.019574989718835527,-0.0734679372986704
2021-03-30,0.009495378691519714,-0.05428797468354485
2021-03-31,-0.030953616183279516,0.08801543284301894
2021-04-01,-0.05452584372146359,0.059950061743490934
2021-04-05,-0.05743587137044545,0.006685523270763438
2021-04-06,-0.03608659078688176,-0.013523292991285851
2021-04-07,-0.01942456875263547,0.20343244197884802
2021-04-08,-0.08446984951063827,0.08520050526615464
2021-04-09,-0.11411345470404372,-0.02112682569161095
2021-04-12,-0.10392467439716262,0.1122938260245383
2021-04-13,-0.15087669794950487,0.01917255297679077
2021-04-14,-0.14523438639363145,0.007573257215258922
2021-04-15,-0.03368156904578787,-0.018014124720089675
2021-04-16,-0.07262971793936619,-0.06394745938472057
2021-04-19,-0.06769683052937552,-0.06435963777490306
2021-04-20,-0.09404258485940858,0.01929886676735637
2021-04-21,-0.07359379368233514,-0.1493401273791315
2021-04-22,-0.04221487141851788,-0.019316964771509793
2021-04-23,-0.04935949374140941,0.021138266121752736
2021-04-26,-0.035969747973614484,-0.009844406535884143
2021-04-27,-0.030229728710068217,-0.03547017262042973
2021-04-28,-0.00908673096317313,-0.005678604674753229
2021-04-29,-0.054078844368382076,-0.0882803039181207
2021-04-30,-0.024104548748593226,-0.00703642356671752
2021-05-03,-0.031219372997793694,-0.03540090771558124
2021-05-04,-0.052916678835862464,-0.1157415330714121
2021-05-05,-0.014505763810981199,0.06341391933390517
2021-05-06,-0.023525634514469228,0.150213850523097
2021-05-07,-0.019341456986950323,-0.03472433749619375
2021-05-10,-0.004216871811106963,-0.19791921159758707
2021-05-11,0.0454873709953615,-0.13276686139139515
2021-05-12,0.059356131181150726,0.015191324702619413
2021-05-13,0.06608752886210235,0.17590512586918083
2021-05-14,0.0601619305646941,-0.021817363922626343
2021-05-17,0.04893630320138013,-0.07220367278797968
2021-05-18,0.05873427746179647,-0.09547059549407644
2021-05-19,0.09808061296564168,0.19520350924430008
2021-05-20,0.005096678116863624,-0.02780518254508979
2021-05-21,0.0417977465997561,0.15144133874819654
2021-05-24,0.02942982221076182,-0.020895285738046443
2021-05-25,0.05424034616470312,-0.04753722794959925
2021-05-26,0.04718125928420038,-0.063495624859771
2021-05-27,0.042524380291647824,0.12230678187236421
2021-05-28,0.019742663185632114,0.08893594494441581
2021-06-01,0.02395332255950195,0.31353984477310726
2021-06-02,0.0015211117490631417,-0.12034793850458969
2021-06-03,0.035498936244168486,-0.05303866658513867
2021-06-04,0.00909952044845566,0.02800517018526394
2021-06-07,0.030314704313336806,0.18406791466066985
2021-06-08,-0.01654616994300326,0.023352361183185844
2021-06-09,-0.034328729306636434,-0.04128328708436657
2021-06-10,-0.04728824370777221,0.03355374144742651
2021-06-11,-0.0754719464679984,-0.06940092870942682
2021-06-14,-0.05710157941304158,0.010917030567688002
2021-06-15,-0.06566383918595804,-0.17549486659434255
2021-06-16,-0.053844049298709055,-0.01888071707653438
2021-06-17,-0.030119388315757122,-0.3523333853597632
2021-06-18,0.026677012688380092,0.3702773030442037
2021-06-21,-0.06918125051951098,0.05080577174665213
2021-06-22,-0.023493420991668453,0.03802969938428147
2021-06-23,-0.018350085609659828,-0.038278560114020754
2021-06-24,-0.0013220923945287321,0.06054291618591234
2021-06-25,0.004401268872172444,0.019749544779204875
2021-06-28,0.002159017209284294,0.028410534109393204
2021-06-29,-0.016358573813455412,-0.03928179483408245
2021-06-30,0.017765222021257236,0.0425694121406055
2021-07-01,0.005477730784533841,0.04960579521671171
2021-07-02,0.03798583727600733,-0.0003314550878371625
2021-07-06,0.004258485109171144,0.11014239471800957
2021-07-07,-0.04103325728816937,-0.10388023220287135
2021-07-08,-0.019931776794034718,0.31950040187932527
2021-07-09,-0.05337502237457277,-0.032173818022874556
2021-07-12,-0.03507924075195233,-0.07983667530206973
2021-07-13,-0.023941970432646554,0.028826741768114283
2021-07-14,-0.0625077594317922,-0.0921997348263015
2021-07-15,-0.008120767301579823,-0.15517124065435794
2021-07-16,-0.02130514982709086,-0.21990883756660362
2021-07-19,-0.0076545338139263515,0.18284795966322331
2021-07-20,-0.08906818981923832,0.06431598355900503
2021-07-21,-0.01267128394090308,-0.026986979269755684
2021-07-22,0.011978811621569488,0.022757394410327203
2021-07-23,-0.0015111618017964725,0.03887477689394636
2021-07-26,-0.008879586961157884,-0.07365822747369999
2021-07-27,0.04242160065802077,0.08886537952922402
2021-07-28,-1.9937394626525833e-05,-0.05190027095885019
2021-07-29,0.03802098360309523,-0.09271143452027308
2021-07-30,0.06304054092970462,0.016267123287671215
2021-08-02,0.01569556144412315,0.06839908143316853
2021-08-03,0.03447487147073254,-0.017602899301060404
2021-08-04,0.010492200191385278,0.14845433111476858
2021-08-05,-0.001952909676645193,0.20969738929402681
2021-08-06,0.007769636678140401,-0.08155690819062278
2021-08-09,0.02089963687556043,-0.05122129002712972
2021-08-10,0.06550172392567945,0.003890708518498709
2021-08-11,0.00986237350891709,-0.07342855345120458
2021-08-12,0.06144659765314711,-0.007928078895820145
2021-08-13,0.0642193959835644,0.13611502062606107
2021-08-16,0.0048818020951037515,-0.12359550561797739
2021-08-17,0.06250450614140853,-0.236828031542051
2021-08-18,0.07708640340937364,0.12186023797871304
2021-08-19,-0.0012466958841800568,0.15315040305032857
2021-08-20,0.008305010147552836,0.008152274298193873
2021-08-23,0.030930955912525634,0.10343869904000869
2021-08-24,-0.0004429830235378596,-0.03730970087054242
2021-08-25,-0.011324602490035897,-0.11978148242610787
2021-08-26,0.0864733778094224,0.11439945092656201
2021-08-27,-0.014396849174332588,0.026433618139993786
2021-08-30,-0.010181153048297732,-0.04148290812072697
2021-08-31,0.03648582427151459,-0.022174840631895232
2021-09-01,0.02599538304763105,0.012275728584436818
2021-09-02,0.00831141485069407,-0.026083518024808683
2021-09-03,0.05834252183347226,0.04809104258443453
2021-09-07,0.05430312302210192,0.1879633667684275
2021-09-08,-0.03650206076989154,-0.08890548239616625
2021-09-09,-0.010026921376630263,-0.21151456989607287
2021-09-10,0.01750226069778052,-0.10826827876781919
2021-09-13,0.023989139765004993,-0.1367214057624827
2021-09-14,0.04372246842684164,0.14876192418877165
2021-09-15,0.05393442489343335,0.08086702792830569
2021-09-16,0.06081706072687708,-0.3674179839263939
2021-09-17,0.12493303776374183,-0.36633311703835403
2021-09-20,0.269506385471463,0.008416963418582002
2021-09-21,0.12615817413038935,0.4309125998131198
2021-09-22,0.13508010957041644,0.23608587571956363
2021-09-23,0.10985331191868924,0.03417325358582124
2021-09-24,0.14771818958398908,0.008955987717501612
2021-09-27,0.1309999489331384,-0.176396206533193
2021-09-28,0.12287930594524286,0.07544631214161801
2021-09-29,0.1121602292111798,-0.03685964181590973
2021-09-30,0.03788518433137074,0.1544798246682344
2021-10-01,0.061839518390368504,-0.057821279680986715
2021-10-04,0.06263997075573431,0.023921029609837996
2021-10-05,0.0003182468184913184,0.0667135557843328
2021-10-06,0.07307375092083175,0.2107703499004372
2021-10-07,-0.00880809769346259,0.13542526837324376
2021-10-08,0.04141658004128429,-0.05390624999999971
2021-10-11,0.02973304331047271,-0.10675279211449329
2021-10-12,0.017996562583110706,-0.10135418857993705
2021-10-13,0.05498397603912231,0.18667750057489108
2021-10-14,0.07858209056520177,0.09122414849870863
2021-10-15,0.061925598419028,0.22235553146646225
2021-10-18,0.0030652016940939954,0.030664235806446838
2021-10-19,-0.008853070202588293,0.13890889814971996
2021-10-20,-0.011808676771627282,-0.03027283423792826
2021-10-21,-0.03526930060758662,0.14450704225352262
2021-10-22,-0.05577633596130679,-0.01114334197446365
2021-10-25,-0.09912312859119918,-0.008538761287053886
2021-10-26,-0.10430029978420428,-0.09227872593854769
2021-10-27,-0.10618160398366593,0.06621221865616755
2021-10-28,-0.12928682031972086,0.10732926915346996
2021-10-29,-0.1545930467399959,0.03726159951436503
2021-11-01,-0.14748121307927112,0.0008151044195681134
2021-11-02,-0.14844884843838066,-0.014102996556376368
2021-11-03,-0.14518373131412143,-0.004569843388533723
2021-11-04,-0.15669603355477688,0.0012061818515325395
2021-11-05,-0.16786052680730448,-0.013695527390062523
2021-11-08,-0.15701481536281217,-0.07644656655093518
2021-11-09,-0.15725448628337751,-0.15648744741406573
2021-11-10,-0.1691145277275676,0.021162376215243528
2021-11-11,-0.07201348924523274,0.016535726242872695
2021-11-12,-0.05654987880046228,-0.0036813710570900993
2021-11-15,-0.05727756908184534,0.10559719535783252
2021-11-16,-0.05324344626589956,-0.09974849094567362
2021-11-17,-0.046176521559108945,0.011191069437208157
2021-11-18,-0.05503793298534682,-0.04869716608192498
2021-11-19,-0.062192876072343604,-0.09436922342348386
2021-11-22,-0.0778673467400381,-0.06411167657009753
2021-11-23,-0.08774043102434886,-0.033923212339676545
2021-11-24,-0.08553577923458625,-0.40986302745727976
2021-11-26,0.026176519046497395,0.3098425891195935
2021-11-29,-0.050235967804056786,-0.18126815101645732
2021-11-30,0.009482363446709545,-0.030502111684655442
2021-12-01,-0.00839315026899,0.25833639450294066
2021-12-02,-0.06048353089110999,-0.1708520911571919
2021-12-03,0.011192859975372204,0.16743199338095738
2021-12-06,-0.016722286337959046,0.1672091787967429
2021-12-07,-0.05924524730030134,0.03853812881313967
2021-12-08,-0.08389476306883027,-0.07287392915099489
2021-12-09,-0.06895770935944458,0.08415278022458073
2021-12-10,-0.08550775488878797,-0.04026561175473342
2021-12-13,-0.06389232451022514,-0.052443371060502786
2021-12-14,-0.05195548287900051,0.08611678664213085
2021-12-15,-0.038770303818285806,0.086527929901423
2021-12-16,-0.039111939390946,-0.15088510705552427
2021-12-17,-0.03240550870506047,0.05942153493699931
2021-12-20,-0.015487616368929964,0.18220323566436103
2021-12-21,-0.06529013938229206,-0.022700761209604625
2021-12-22,0.00026166367925338746,0.08845724220001139
2021-12-23,0.07608281097432484,0.010997899246924625
2021-12-27,-0.012283297906799787,-0.09647496324872507
2021-12-28,0.06419585440985212,-0.007793710368418139
2021-12-29,0.08839002436866904,0.031234171872361438
2021-12-30,0.07882013890368678,-0.0774881561175893
2021-12-31,0.06473233652396505,0.11964181091019888
2022-01-03,0.02450849120949256,0.05914291254605408
2022-01-04,0.016075658998026737,-0.24832594310662437
2022-01-05,0.019865274912830744,0.07451295440851657
2022-01-06,0.034208047493031885,0.1049711495783392
2022-01-07,0.02591247284049442,0.1057668711656441
2022-01-10,-0.006168487816229552,-0.06131032561811778
2022-01-11,0.022108593817787358,-0.0694152230684042
2022-01-12,0.01569936807478209,-0.2390114640884795
2022-01-13,0.02052836565518372,-0.29350427113483646
2022-01-14,0.1416896521805919,-0.20363636363636417
2022-01-18,0.1884244259368558,-0.15768621523360105
2022-01-19,0.2197659952251294,-0.07946447851435956
2022-01-20,0.23886907511024302,-0.14049740163325797
2022-01-21,0.1947457194280168,-0.09029882829293878
2022-01-24,0.16505318517795545,-0.0895189003436414
2022-01-25,0.14052756563613023,0.16121308858739036
2022-01-26,0.11508109790413641,-0.03280586646082717
2022-01-27,0.11529539005746878,1.0638046583168541
2022-01-28,0.10560797550608828,0.280010023674337
2022-01-31,0.009323318823837178,-0.02862229462123822
2022-02-01,0.02424477851857235,0.07473694803840925
2022-02-02,-0.0014704316300035289,-0.05737373737373741
2022-02-03,0.009132031018557741,0.04104691192883214
2022-02-04,-0.007232998096544814,0.09788092835519713
2022-02-07,0.04877297693418876,0.13979765264448885
2022-02-08,0.012515712653778545,0.168193391503362
2022-02-09,0.005795021360320483,0.007929642445212881
2022-02-10,0.007691372572190527,-0.13354195836197513
2022-02-11,0.0031755781683246013,0.05425928482672848
2022-02-14,0.021470431391661226,0.0935100145249832
2022-02-15,-0.004662196113196103,0.0325662216251521
2022-02-16,0.0011174814843205808,-0.22059549123463695
2022-02-17,-0.006340749790518621,-0.16871173620063584
2022-02-18,0.0016272372619134338,-0.13092481043157722
2022-02-22,0.0048899317247224966,-0.21565306035245857
2022-02-23,0.006933447808606306,0.3999157367187842
2022-02-24,0.01802304057575383,0.15922211203827863
2022-02-25,-0.018184323326200822,0.00410519563822942
2022-02-28,-0.015257371147209282,-0.14201881864206267
2022-03-01,0.030341235542873057,0.027068757257360465
2022-03-02,0.013512172894340506,0.07927549547184687
2022-03-03,0.04307945926333162,0.07506702412868682
2022-03-04,0.06501428365278683,-0.1375197760739929
2022-03-07,0.06566496386778573,-0.18771734540845686
2022-03-08,0.04711882234758354,0.26766412355846825
2022-03-09,0.09117159316340663,0.09358091490408293
2022-03-10,0.09202416502695691,-0.030750893921335343
2022-03-11,0.09561334717198297,0.019317215405175725
2022-03-14,0.08747236678115299,0.2396329359617284
2022-03-15,0.028838024138210558,0.03223265710606782
2022-03-16,-0.009342006943516525,-0.04072892293580466
2022-03-17,0.020769501730790823,0.050468898469771206
2022-03-18,-0.002651359499739833,0.08277262917354311
2022-03-21,-0.02586622378403133,-0.024609698842042116
2022-03-22,0.008611742283236565,-0.04531191163549597
2022-03-23,-0.013065238987041426,0.10862821085452423
2022-03-24,0.005828865375222109,0.1956696974906651
2022-03-25,-0.021205669296607915,0.06043267158700094
2022-03-28,-0.006922760259678662,-0.024101181455627896
2022-03-29,-0.02671353090665497,-0.013585351447135574
2022-03-30,-0.0354718990188994,-0.023785498053913612
2022-03-31,-0.03823558928199036,0.052520483249112626
2022-04-01,-0.039596032588845614,-0.02597813096448509
2022-04-04,-0.003111877608363977,-0.15338396632034346
2022-04-05,-0.01944620227762015,-0.13335810570882656
2022-04-06,-0.008347369038738048,-0.017580585539210714
2022-04-07,-0.007985342059946944,-0.018595759471672024
2022-04-08,-0.009659712266054448,-0.20512311999298893
2022-04-11,0.0480586518000399,0.07451191115887457
2022-04-12,-0.014672040442899225,-0.03758728480413709
2022-04-13,-0.0024988450883026924,-0.14600654774548294
2022-04-14,0.04231662779914082,-0.0949223297184647
2022-04-18,0.0007973358883378381,0.05075549649259181
2022-04-19,0.04898303180346069,0.04723523898781612
2022-04-20,0.03492924603297423,0.007744616547034733
2022-04-21,0.0961463577572244,-0.22272694774686486
2022-04-22,0.11574092399048885,-0.0557222753646478
2022-04-25,0.1304976754481828,-0.09635756784211169
2022-04-26,0.12414409649953399,0.12330975805681943
2022-04-27,0.09208309228591625,0.29302139957605444
2022-04-28,0.07295924708539901,-0.16514072566971905
2022-04-29,0.12558106947388115,0.16164595138622606
2022-05-02,0.07325936861360557,0.062232757758149626
2022-05-03,0.06868254104116851,0.14363414564685995
2022-05-04,0.02475316849173086,-0.09637480190174352
2022-05-05,0.10611070112101553,-0.02675199432323283
2022-05-06,0.03506953973336073,-0.23003648549955302
2022-05-09,0.13217565005250284,0.023924818030181205
2022-05-10,0.1246890195721864,0.0028276931496851176
2022-05-11,0.0991593227861742,0.11844521526219132
2022-05-12,0.07858993558103489,0.13486028117299886
2022-05-13,0.1043194599805902,0.11449814126393987
2022-05-16,0.025297583191700442,0.09834036062289808
2022-05-17,0.02828727746478331,-0.2711186242703194
2022-05-18,0.11904462846425157,0.1430857874519842
2022-05-19,0.06210519253428397,-0.04127533491641178
2022-05-20,0.028545103343308637,0.09725913734702862
2022-05-23,0.04034656247615068,-0.2534823619721783
2022-05-24,0.04514252036490795,0.3109469415497583
2022-05-25,0.05294252685290591,0.18354201908421652
2022-05-26,0.019884703690061217,0.3184826631706885
2022-05-27,-0.03135460655964519,-0.036918208536217745
2022-05-31,0.0081673073632341,0.03945291951604313
2022-06-01,-0.005759477328238684,0.0645040899843008
2022-06-02,0.003860964219953996,-0.1470701565354362
2022-06-03,0.024509436678133833,0.03271529308270238
2022-06-06,0.029188076243414005,-0.041893865279045484
2022-06-07,0.031215835803214458,0.18569206842923736
2022-06-08,-0.00030250583351667284,-0.10295758928571397
2022-06-09,0.016186184897838213,-0.1414469327140796
2022-06-10,0.001989923238791066,-0.243329495260605
2022-06-13,0.03862813780443821,0.021406038756196955
2022-06-14,0.0009647797767577748,0.03230986360604904
2022-06-15,0.02161607083611455,-0.25701693923722935
2022-06-16,0.12807997540968963,-0.28285017755120323
2022-06-17,0.182100380499442,0.391233877724819
2022-06-21,0.012042922502083258,0.0294638901196278
2022-06-22,0.07687540699707988,-0.10921325431356954
2022-06-23,0.08141410088492412,0.4277728443598958
2022-06-24,0.07705649464569934,-0.03780958817508484
2022-06-27,0.022838379470276823,-0.15249712253808223
2022-06-28,0.10761501963066439,0.046091526165972896
2022-06-29,0.059514988157327225,0.07903130537507486
2022-06-30,0.033790576644408724,0.2444518432278937
2022-07-01,0.06055776982421885,0.2495248760590667
2022-07-05,0.01375592226458789,0.03429032612842242
2022-07-06,-0.02563166322394631,0.004785799341956665
2022-07-07,-0.011894371082604369,0.23858759266484642
2022-07-08,-0.02792067492982098,-0.06647240939719601
2022-07-11,-0.01004672333127839,-0.16277865109081424
2022-07-12,0.014866539760939334,-0.026180087266957308
2022-07-13,-0.011617354604941328,-0.08382525047451828
2022-07-14,-0.0028260924105342534,-0.11267326872645311
2022-07-15,-0.030692273501767047,-0.03792639138240583
2022-07-18,-0.028658316734856602,0.46600292320387493
2022-07-19,0.002236651407164789,0.037000919830181944
2022-07-20,-0.029966516496123242,0.10556696344499872
2022-07-21,-0.010597526578376332,-0.10627512254695715
2022-07-22,0.015249352509796962,-0.0027358077592362084
2022-07-25,0.007377948929533522,-0.10230298433384555
2022-07-26,0.017494934861132082,0.057514480235748566
2022-07-27,-0.010526544105614367,0.058071685495125536
2022-07-28,-0.009151506356863317,0.12227088359067628
2022-07-29,-0.013898424386277473,0.03553961525921112
2022-08-01,-0.0031653426935253914,-0.011442385173247027
2022-08-02,-0.008029964212330638,0.047653196404167986
2022-08-03,-0.0122801137081534,-0.04010377739383486
2022-08-04,-0.010490128142167139,0.04268502581755618
2022-08-05,-0.017949639733911796,-0.07336848782625338
2022-08-08,-0.023919691198585925,-0.05565644294866823
2022-08-09,-0.016344623263619608,0.04278189587071779
2022-08-10,-0.02109170804929562,0.07657284768212014
2022-08-11,-0.01021324667243786,0.03859250755386112
2022-08-12,-0.006425395743532735,0.09910883619942479
2022-08-15,-0.006220321654405354,-0.03404562005826073
2022-08-16,-0.008016812475072662,-0.09918455890211553
2022-08-17,-0.0004313091015714357,-0.04266861167460634
2022-08-18,-0.006100612536160162,-0.1116038433111598
2022-08-19,-0.001429948638908629,-0.1302764088279409
2022-08-22,-0.028929765695639386,-0.14750193574663872
2022-08-23,0.018161539788098268,0.04115077423669078
2022-08-24,0.006452365430025976,0.14074264859551944
2022-08-25,-0.006523255845278202,-0.22425629290617854
2022-08-26,-0.02052839042035365,-0.016714882674381704
2022-08-29,-0.00491126379248346,-0.27373238801160216
2022-08-30,0.05075586012067758,-0.04964771423889802
2022-08-31,0.13712517245205105,-0.2522058214064491
2022-09-01,0.2020477284531626,-0.1797760206317105
2022-09-02,0.23249581881886308,-0.09026435657324894
2022-09-06,0.34034349883403536,0.6178922976636316
2022-09-07,0.28812735537034173,0.058485203680213704
2022-09-08,0.25694924567004107,0.33529651007367756
2022-09-09,0.13586036206330687,0.26781139942853294
2022-09-12,0.010077098849831507,-0.22060938930299456
2022-09-13,0.09646046133737272,0.0039283952964868085
2022-09-14,0.0680106477096301,-0.1884488695349611
2022-09-15,0.10225205859381438,0.14683929931454642
2022-09-16,0.11729292603918885,0.12497109887685309
2022-09-19,0.04630121147077149,-0.000606060606060832
2022-09-20,0.08214721567921877,-0.052676905411224384
2022-09-21,0.11005625033106807,-0.07346939434793598
2022-09-22,0.04456847870441674,-0.02836205726692953
2022-09-23,0.06527820172211457,-0.02847725774555021
2022-09-26,0.07136093147367116,-0.22172259777884973
2022-09-27,0.20626126095156763,0.18036524258471798
2022-09-28,0.11770748940647367,-0.29423831950258816
2022-09-29,0.1694004635749169,-0.28465203603528255
2022-09-30,0.22943355536429455,1.0327450650507508
2022-10-03,0.06299471409718027,0.28355668874108964
2022-10-04,0.01633855865251703,0.048070503404993525
2022-10-05,0.03159688445122399,0.009027216383724168
2022-10-06,-0.0025703684532451475,-0.1787707001617186
2022-10-07,0.04738498625367579,0.02113821138211347
2022-10-10,0.07871671807754158,0.05851979345955294
2022-10-11,0.10825616687334293,0.02706010334511788
2022-10-12,0.07009019290060009,0.28205225147112767
2022-10-13,0.02771975997810569,-0.05775374784959508
2022-10-14,-0.004629215167543274,0.13123181406273643
2022-10-17,0.019673348855744364,-0.030300479840937533
2022-10-18,0.026110582901628158,0.06255355612682045
2022-10-19,0.029623409234124872,0.031830238726790805
2022-10-20,0.027117550462283965,-0.005678183214221089
2022-10-21,-0.025595183810155353,-0.07757892522845966
2022-10-24,0.01944318731882938,0.08804426307593372
2022-10-25,0.02124974927833037,0.013022888713495773
2022-10-26,0.02188906520443489,0.12372505543237278
2022-10-27,0.01304773151027882,0.11020955411867739
2022-10-28,0.007621471464003818,-0.007118871725990905
2022-10-31,-0.013940503576948482,-0.0068036286019209635
2022-11-01,-0.016311316125925412,-0.18546836625844487
2022-11-02,-0.04110043001624488,0.06334841628959298
2022-11-03,0.0030484812402183574,-0.03925464906351883
2022-11-04,0.015005330772666447,-0.008054288508898444
2022-11-07,0.006556196514107867,0.06400901783629043
2022-11-08,0.013023096658712416,-0.06793632745878375
2022-11-09,0.02026701010394525,0.11097193542412542
2022-11-10,-0.03833741894832726,-0.005626300934366668
2022-11-11,0.010154050768584959,-0.0901198669518477
2022-11-14,0.01648468480020092,0.0694902660068577
2022-11-15,0.020897392863560172,-0.012485953302535324
2022-11-16,0.01897478504274447,-0.10134331897847548
2022-11-17,0.03536646931492984,0.06118483203504388
2022-11-18,0.02009531492074197,0.0035216227637695496
2022-11-21,0.03681143327691875,0.20466149105744202
2022-11-22,-0.007232967557707414,0.07661928090035408
2022-11-23,-0.0107584704416118,-0.0326615072272648
2022-11-25,0.016114457219832578,-0.12477642211504603
2022-11-28,0.01803061337259475,-0.03088953374573522
2022-11-29,0.021161852761507574,0.24076804633021864
2022-11-30,-0.03494955765260499,-0.15305249454440106
2022-12-01,0.014505805370969073,-0.06198856154253052
2022-12-02,0.005201119368444304,-0.08468002585649781
2022-12-05,0.013437404846869385,-0.1749562615991338
2022-12-06,0.011496302539519965,0.05104458324359373
2022-12-07,0.057320051342240906,0.0954365040277445
2022-12-08,0.011881378074410259,-0.093140369426859
2022-12-09,0.01191744211458557,0.14483216308257463
2022-12-12,0.02146773858091804,-0.03785384435863459
2022-12-13,-0.004210359458052624,-0.09512089906662768
2022-12-14,0.027367094180098164,-0.1583251553810915
2022-12-15,0.013778659803358009,0.0009823182711188316
2022-12-16,0.006150358812034763,-0.040377062058130186
2022-12-19,-0.0016275622604684362,-0.37552129135923795
2022-12-20,0.15756313451476822,0.32490323514539754
2022-12-21,0.04492049921790327,-0.0810941271118264
2022-12-22,0.08137101387877661,0.2227287695241098
2022-12-23,0.041477466509205495,0.08053818457456763
2022-12-27,0.024737706020658053,-0.0716045038705132
2022-12-28,0.03539633289952507,0.11111285818150507
2022-12-29,0.03966869978632406,0.03328213005632441
2022-12-30,0.004957211727298248,-0.18076788423386647
2023-01-03,0.05418594231761581,-0.0029328247510077565
2023-01-04,0.045759495838131985,-0.03217205830074599
2023-01-05,0.022316230350007068,0.508828622134972
2023-01-06,0.042400435040836675,0.12517838939857384
2023-01-09,-0.011981398968127326,0.11344799349330748
2023-01-10,-0.03325214744200181,0.053644357672703924
2023-01-11,-0.039524216890194086,-0.04878403089084815
2023-01-12,-0.01389911308742773,0.1452105746124286
2023-01-13,-0.011061237080280648,-0.038695737401757246
2023-01-17,-0.042854453685707755,-0.09931292941911174
2023-01-18,-0.038864533471613776,0.04096228868660434
2023-01-19,-0.04306284455285057,0.005801818939061176
2023-01-20,-0.033063289397309535,0.07465844722014925
2023-01-23,-0.03455153429947448,0.02400325467860065
2023-01-24,-0.03902115559204555,-0.02614253515464915
2023-01-25,-0.035485419349549664,0.1392798967266362
2023-01-26,-0.026304536126545788,-0.05893306533603293
2023-01-27,-0.025619322467979374,-0.111979765463326
2023-01-30,-0.025184244302406848,0.03717149408293352
2023-01-31,-0.030776141598700808,-0.006621341166693884
2023-02-01,-0.03577381798734898,0.04502577665937446
2023-02-02,-0.03003477428829844,-0.09543435571348335
2023-02-03,-0.03533129734692246,-0.032392327180601255
2023-02-06,-0.02076741576774404,0.1788658850296898
2023-02-07,-0.03814036509885688,-0.030162412993039456
2023-02-08,-0.029194782016101307,-0.12829293820865262
2023-02-09,-0.021818341476274972,-0.05066111701262288
2023-02-10,-0.015503180153825645,0.07468256681980723
2023-02-13,-0.0032129662878123944,-0.005329329118188286
2023-02-14,-0.029085896286030172,-0.03822621907989043
2023-02-15,-0.0018573338710595425,-0.11598263740866843
2023-02-16,0.013424370644769264,0.08045068195295602
2023-02-17,-0.005189092055335368,-0.23998094430344474
2023-02-21,-0.025460164560203547,-0.12777810617500107
2023-02-22,-0.05147690641560298,-0.14211189736293472
2023-02-23,0.001399307634492598,0.0033266799733848718
2023-02-24,-0.03772079640691967,0.12182911862727619
2023-02-27,-0.0026222927144517283,-0.2724564056530193
2023-02-28,0.10629870418963844,0.08159956768441012
2023-03-01,0.0942347081669093,0.3083169385858795
2023-03-02,0.015908097045711438,0.2176337469086831
2023-03-03,0.014888185869635008,-0.1448042151782284
2023-03-06,0.01691989691923161,-0.1383199079401617
2023-03-07,0.06018066000002955,-0.03208448549403364
2023-03-08,0.06940626620523468,-0.0373705538045922
2023-03-09,0.10739783778492981,-0.09439347604485138
2023-03-10,0.09739675468083661,0.18392469225199037
2023-03-13,0.030277322047376775,0.2801017706721649
2023-03-14,0.003886648517007584,-0.11105518988478613
2023-03-15,0.027637955734000064,0.3072854776476195
2023-03-16,0.004358829936309079,-0.13633189323548545
2023-03-17,-0.015662110391726394,0.11281769902998162
2023-03-20,0.004123599077431609,0.11781533643724251
2023-03-21,0.020451913592875286,-0.14677966828710287
2023-03-22,0.04386686080630833,-0.1071974538514
2023-03-23,0.02322609604592896,0.05445669540550857
2023-03-24,0.01616927996564241,0.1281086250453054
2023-03-27,0.03408569644255747,-0.028100410179139668
2023-03-28,0.029346310369705544,0.25279432203419017
2023-03-29,0.028754987913231125,0.14173546304296236
2023-03-30,-0.010725595852686351,0.05861041689026569
2023-03-31,-0.013914529605978434,-0.03751819409781598
2023-04-03,-0.025968367795088994,0.0032964902074865687
2023-04-04,-0.02614789627814855,-0.09097075637399443
2023-04-05,0.022918223986613685,0.17132594666991374
2023-04-06,-0.0061999491341132385,-0.03203463203463208
2023-04-10,-0.013014564541903972,-0.06311637080867838
2023-04-11,-0.006021600729163167,0.18479827089337197
2023-04-12,-0.02737014075516494,0.03671529248156924
2023-04-13,-0.030762009319012802,-0.05210327513330415
2023-04-14,-0.031422491622716126,0.006925777408641309
2023-04-17,-0.026790423136640037,0.031518357824212195
2023-04-18,-0.03745434043906652,-0.059110170042042776
2023-04-19,-0.03757958278995035,-0.12123964359289907
2023-04-20,-0.03726068633844457,-0.1389769622402146
2023-04-21,-0.018253279948467045,-0.045963567007901274
2023-04-24,-0.017625003810226577,-0.18835465372739424
2023-04-25,-0.022067761658953695,-0.027873070325899363
2023-04-26,-0.03933654709487578,0.28692750823435675
2023-04-27,-0.05670442347714821,0.07588291675882819
2023-04-28,-0.033040350702937024,-0.014899988317111368
2023-05-01,-0.02241205095638481,-0.08289582757667857
2023-05-02,-0.025994398163345617,-0.22221271784478613
2023-05-03,-0.0494491229432175,-0.05300253735550986
2023-05-04,-0.04708259278055116,0.22068495795306364
2023-05-05,0.009823355435866326,-0.004123712830129689
2023-05-08,-0.009191921458803964,-0.0403993498955193
2023-05-09,-0.002133045873405549,0.10506066810715597
2023-05-10,0.026152900496487837,-0.02378377116492625
2023-05-11,-0.0029199341337297264,-0.02246526478338695
2023-05-12,0.025037885417829527,0.21096800108441438
2023-05-15,0.024609603102395593,-0.026564495530013166
2023-05-16,0.012778202456624206,-0.06283414496303819
2023-05-17,0.033338565271779495,0.011225551686701696
2023-05-18,0.03282397726239085,-0.005170068027210761
2023-05-19,0.03132342001811132,0.14925495046616688
2023-05-22,0.02925641418251562,-0.05508350424846298
2023-05-23,0.04134487601877237,-0.0032126168224303475
2023-05-24,0.028706541073632626,-0.09147595356550542
2023-05-25,0.04199093261661733,0.12942913385826715
2023-05-26,0.040040957628741526,0.05649132748548191
2023-05-30,0.03631151010479954,-0.0998547714256699
2023-05-31,0.0027289009051944977,0.09795942792172818
2023-06-01,0.0017770192587891448,0.0959555101108085
2023-06-02,-0.020029130838864272,-0.03432934184919556
2023-06-05,-0.012166841760252171,0.07929079331410582
2023-06-06,-0.03467914442259037,-0.09225284262241962
2023-06-07,-0.014508802709655481,-0.021168568383227226
2023-06-08,-0.01053270889784613,0.029110835630896892
2023-06-09,-0.033937337053327944,0.04910364381624932
2023-06-12,-0.03164104259445088,0.1583353009004802
2023-06-13,-0.05473278026380095,0.08858210702811053
2023-06-14,-0.039716344795045905,0.00753378208142963
2023-06-15,-0.06967837802347447,-0.11158204583097853
2023-06-16,-0.07144907168226072,-0.06268703732871272
2023-06-20,-0.06172921214323218,0.0024317751958924383
2023-06-21,-0.08319223367235562,-0.025532992131493182
2023-06-22,-0.03632455762547822,-0.18122434612713878
2023-06-23,-0.033348944533046286,-0.028998778998778785
2023-06-26,-0.023234994730162627,0.07962099004995804
2023-06-27,-0.03387711374767251,0.04588880227642744
2023-06-28,-0.030921911418237986,-0.014084199010227838
2023-06-29,-0.03934291542967149,0.06642660175964266
2023-06-30,-0.06799216028702144,-0.04662351265315057
2023-07-03,-0.02234487525634008,-0.06804378905009079
2023-07-05,-0.024829843641302342,-0.10554127511363964
2023-07-06,-0.053191294541976436,-0.18297223230189918
2023-07-07,0.005381154958446364,0.15314643624269775
2023-07-10,-0.006331942743742514,0.165988847409414
2023-07-11,-0.014867578382525837,0.1497090467099904
2023-07-12,-0.03261758130541496,0.028201420908293695
2023-07-13,-0.015902993463149186,0.09853181076672035
2023-07-14,-0.025494584842064315,0.07414034795600521
2023-07-17,-0.02672755739088631,-0.010519001479200152
2023-07-18,-0.027448021431106265,0.006206051497931631
2023-07-19,-0.04198773553211255,-0.10947782596045885
2023-07-20,-0.04498259146044882,-0.0751637959182696
2023-07-21,-0.04217706001262542,0.026897604132944952
2023-07-24,-0.032290495991754875,0.04342066056118754
2023-07-25,-0.04771603359382049,0.14176410440498954
2023-07-26,-0.04978547920475764,-0.07185854025583027
2023-07-27,-0.07966776301631655,0.03463733999808505
2023-07-28,-0.053567437061798236,-0.018494309454907265
2023-07-31,-0.04447430807446926,-0.09133841440418944
2023-08-01,-0.04653693026693364,-0.2749071560063924
2023-08-02,-0.08333461975514649,-0.034190927555856065
2023-08-03,-0.042684734690969436,-0.12119877566584247
2023-08-04,-0.008564521779607611,0.023580865667910178
2023-08-07,-0.017303963689924377,-0.10249401493605637
2023-08-08,-0.023421630801172974,0.0006351222610347929
2023-08-09,-0.05583657496492494,0.007649508478231759
2023-08-10,-0.03647816462098196,-0.10967084194449839
2023-08-11,0.011668410873870307,0.07063968980282054
2023-08-14,0.02822160080330117,-0.14708091315083982
2023-08-15,0.07612119349634375,-0.006303096738833336
2023-08-16,0.0828582276392075,-0.3557196314289778
2023-08-17,0.09372361286829985,-0.07201331762736174
2023-08-18,0.30512588179822636,0.3620228829428005
2023-08-21,0.32564708068561254,0.16580976863753216
2023-08-22,0.14781190454810628,0.35375752578387365
2023-08-23,0.07699542473198756,-0.10587326120556484
2023-08-24,0.018135773224812256,-0.03639300673829604
2023-08-25,0.035590083823759576,0.17894488627270344
2023-08-28,0.01197027470229042,0.27787624351652473
2023-08-29,-0.02464130594122846,0.032729115482055926
2023-08-30,-0.013664732287648536,-0.009025270758121096
2023-08-31,-0.021686183678834105,-0.030663964524350718
2023-09-01,-0.004851385098900979,0.08293177783413785
2023-09-05,-0.009575057030437416,0.005867346938776219
2023-09-06,0.01686829984917023,0.05319720580333076
2023-09-07,0.007318282345178538,0.007642709200004427
2023-09-08,0.010092693962747543,0.0014623617874223171
2023-09-11,-0.01870011764289364,-0.032530737704917656
2023-09-12,-0.03857521130486836,-0.08367089056060129
2023-09-13,-0.04344020955205039,0.2867489577690152
2023-09-14,-0.03758608470892108,-0.22756707141990562
2023-09-15,-0.03787265399957713,-0.0620861674283506
2023-09-18,0.013039018082539527,-0.24738501024934223
2023-09-19,0.02149314306389325,-0.22984987807996615
2023-09-20,0.02490149564371944,-0.17762803234501456
2023-09-21,0.08600693814526085,-0.09578143078529833
2023-09-22,0.08833281859375848,0.224531835635432
2023-09-25,0.09536638815388178,-0.08238495794161449
2023-09-26,0.08030561886007638,0.048046975788839985
2023-09-27,0.08430699181032106,0.1246805862838476
2023-09-28,0.07773913666969676,-0.2074463885938821
2023-09-29,0.08262318806496005,0.0621606948968505
2023-10-02,0.11588652194801777,-0.17387677772794508
2023-10-03,0.10711509824208623,-0.07393959436624553
2023-10-04,0.18321751117992083,0.1983735114725531
2023-10-05,0.08116026635590341,0.4175886351850071
2023-10-06,0.08716799163692521,0.16459532256862897
2023-10-09,0.03189904576665761,0.20018745684545491
2023-10-10,0.01698135933756814,0.27986973761916656
2023-10-11,0.015049864059523941,-0.04768623024830709
2023-10-12,0.0001206790538808196,-0.10245245952417525
2023-10-13,0.03131639687491849,0.32604646134248383
2023-10-16,0.006354955796943491,-0.0033029831049768976
2023-10-17,0.008300801457186043,-0.19250819694283738
2023-10-18,0.0007749959350661467,-0.0686544725632674
2023-10-19,0.0013209004449071051,-0.11271676300577982
2023-10-20,-0.02276397949060022,0.12478119529882448
2023-10-23,-0.03375869640301,0.0026394549474173523
2023-10-24,-0.01654763149305326,-0.12866768093892544
2023-10-25,-0.037898603492636095,-0.2574189338067605
2023-10-26,-0.04808440728872518,-0.1739735007402573
2023-10-27,0.03012679701825708,0.15824718820517614
2023-10-30,-0.013713314135170901,0.0395688955217075
2023-10-31,0.039630114753985736,0.2466517761141398
2023-11-01,0.016280848064535166,0.26252023552564663
2023-11-02,-0.00128088456801604,-0.011241128216993523
2023-11-03,0.0044657596994594735,0.018868740063013423
2023-11-06,-0.011705823706906577,0.13554337944809358
2023-11-07,0.011477304260734122,0.08275599806982048
2023-11-08,-0.0002561520173600587,0.03907751441383667
2023-11-09,-0.01771504283199132,0.08739095488559978
2023-11-10,-0.019969300683721797,-0.036721181681084514
2023-11-13,-0.0016158364513803375,0.1973787821363071
2023-11-14,-0.016580371386327404,0.10803044070653312
2023-11-15,-0.03361747869462266,0.04116069387191712
2023-11-16,-0.015196776333346153,-0.00896079035026065
2023-11-17,-0.01817457730928333,0.001930272043064507
2023-11-20,-0.014315477399234215,-0.035235344402074986
2023-11-21,-0.015611896382305064,-0.025482962374602236
2023-11-22,-0.03165294244656968,-0.01999954528402692
2023-11-24,-0.032820988924433775,-0.033572993464848655
2023-11-27,-0.0353769898269108,-0.006228904263100632
2023-11-28,-0.03673293332900891,-0.013536379018612155
2023-11-29,-0.03825690297284948,0.13982207372294608
2023-11-30,-0.04126000375230404,-0.017521042217127247
2023-12-01,-0.03288477042400091,-0.07779515246286184
2023-12-04,-0.03573612669939648,-0.11282875971934514
2023-12-05,-0.04877242514565288,-0.12163596004439614
2023-12-06,-0.03725827577923808,0.07811392682452878
2023-12-07,-0.024833456012929564,0.028208327342383432
2023-12-08,-0.025736000987415023,-0.0331148344075477
2023-12-11,-0.02420372877851429,0.08955425993316513
2023-12-12,-0.04380842583320755,0.0590905591457489
2023-12-13,-0.08143762614615348,0.011622116713611685
2023-12-14,-0.07833549923259935,-0.06298679309177135
2023-12-15,-0.08431539431071762,0.022837559606448732
2023-12-18,-0.04997138354796827,0.034550939757697297
2023-12-19,-0.04076853595368897,-0.18026447197207696
2023-12-20,-0.06450807402963962,0.022780832678711116
2023-12-21,-0.09037730805258469,0.07333502796136315
2023-12-22,-0.07838577048826836,0.02145519134506646
2023-12-26,-0.07327176469270932,0.05355393383220575
2023-12-27,-0.0861800386441114,-0.02656673670228682
2023-12-28,-0.05913856211304568,-0.0560068156935426
2023-12-29,-0.07370148560376227,-0.09124087363006816
2024-01-02,-0.08979741769158184,-0.128973179686386
2024-01-03,-0.1055073828544276,-0.19156711673163318
2024-01-04,-0.04576925743311338,-0.03161865829622401
2024-01-05,-0.05635643845862904,0.3015807256423708
2024-01-08,-0.046207050233496715,-0.07658046868405821
2024-01-09,-0.026233216451087893,-0.004852310873123988
2024-01-10,-0.017318890044627888,0.22141119221411132
2024-01-11,-0.05189219393778004,-0.09350696328449992
2024-01-12,-0.04032617494190235,-0.09567807098000092
2024-01-16,-0.029572799314678034,-0.1704416303441385
2024-01-17,-0.028810720769115682,0.14697752953997734
2024-01-18,-0.023121619484009936,0.1638588467956239
2024-01-19,-0.02886306998411957,0.06067684949047503
2024-01-22,-0.03199495907813936,0.10526701494813917
2024-01-23,-0.04725152729274395,0.13573729280731262
2024-01-24,-0.06690717441773067,0.07262113618314059
2024-01-25,-0.05716311266758556,-0.02392739001528199
2024-01-26,-0.06024321134484748,-0.02307188511714131
2024-01-29,-0.04054456241085462,0.012052463665368052
2024-01-30,-0.06561059429324544,-0.2586099311205522
2024-01-31,-0.11728916547499545,0.11414541057636107
2024-02-01,-0.10244477545655523,0.05532932849326011
2024-02-02,-0.11013742863094636,-0.001123090745732691
2024-02-05,-0.10481990668912253,0.07524908004857456
2024-02-06,-0.10397990750019295,-0.0006155269666717755
2024-02-07,-0.11156795029678475,-0.05084656840840818
2024-02-08,-0.04348562494273122,0.01912766522162279
2024-02-09,-0.02848561848296021,-0.019740360785487243
2024-02-12,-0.048698294379777254,-0.1597153445649464
2024-02-13,-0.04102967005600139,0.0268550512966661
2024-02-14,-0.03104405405307415,0.05661241250404703
2024-02-15,-0.04242972592792052,-0.0959863741302287
2024-02-16,-0.017861475635601184,-0.04718295839139963
2024-02-20,-0.01795950760751318,0.19605879721128017
2024-02-21,-0.004629733137337078,0.042321100779393106
2024-02-22,-0.01672236147796694,-0.05006533461391938
2024-02-23,-0.01993535991689624,-0.0014319809069213152
2024-02-26,-0.013494831555974298,-0.006085364413635164
2024-02-27,-0.013615205394881551,-0.07447345914641634
2024-02-28,0.020195579182490854,0.02613308404592818
2024-02-29,-0.006930712750853049,0.027550562193479733
2024-03-01,0.01579241785799267,-0.007898516036383363
2024-03-04,0.027663879213764196,0.04450000000000176
2024-03-05,0.02765737466850025,-0.025542420357973827
2024-03-06,0.010293533711973607,0.0222834474146838
2024-03-07,0.004756297938169397,-0.014643832216428843
2024-03-08,-0.011207357572317498,0.060821484992099606
2024-03-11,0.00158036121905024,0.05244314597788935
2024-03-12,-0.014465339731334783,-0.13908448122348405
2024-03-13,0.007977455515698338,-0.03591176281590325
2024-03-14,-0.0006873412268047957,-0.08697972251867792
2024-03-15,0.03671191597587546,0.04300073808934979
2024-03-18,0.017367713541118733,0.06651786536816551
2024-03-19,-0.005354466719606146,0.041633896112974966
2024-03-20,0.024502711201166844,-0.04142392508667214
2024-03-21,0.025315832439988716,-0.010453789498691912
2024-03-22,0.00727669875566653,0.09580838323353014
2024-03-25,0.010545384957996734,-0.0614436274509812
2024-03-26,0.010026076159034331,-0.011729060986525486
2024-03-27,0.003971251160646751,0.09030504379341586
2024-03-28,-0.0018680567555347549,-0.01399642644431276
2024-04-01,0.001683697872529834,-0.19516376274673064
2024-04-02,0.012596705210459667,0.04203513171130324
2024-04-03,0.038159012962109114,-0.14583333333333148
2024-04-04,0.014226125504676595,0.3012656314934452
2024-04-05,0.01890001704740075,-0.05003254601247642
2024-04-08,0.0376181594402676,-0.05005050140682499
2024-04-09,0.03658576332486806,-0.2797103193708885
2024-04-10,-0.02412347166666028,0.09396649861766027
2024-04-11,0.021312541386321687,-0.1521739130434776
2024-04-12,0.007309625528541823,-0.10915492957746464
2024-04-15,-0.02866607647408534,0.0008810572687227847
2024-04-16,0.005322921721049329,-0.26723516354090004
2024-04-17,0.0015563530326997534,-0.020689655172416832
2024-04-18,0.05979186125100627,-0.07128099173553482
2024-04-19,0.07511859576456804,0.3905427489136748
2024-04-22,0.029836841250987386,0.2195601096151567
2024-04-23,0.024500597971840885,0.12474437627811841
2024-04-24,0.00727205163861866,-0.20394091991211005
2024-04-25,0.009533061849774472,0.1775341418876919
2024-04-26,0.02752506648366009,0.03589883186152054
2024-04-29,0.034184214225136816,-0.0533135875601618
2024-04-30,0.04913769272931717,-0.14988287589715676
2024-05-01,0.053354740091506245,0.33817144596448623
2024-05-02,0.057203105973088315,0.2916163581284281
2024-05-03,-0.0009246656933862757,0.09174460815716512
2024-05-06,0.005182317215989115,0.06508821471035198
2024-05-07,-0.02761575414182084,0.021055153204329047
2024-05-08,-0.03116084331374218,0.11870170183798301
2024-05-09,-0.04621206730801191,-0.027909376774016947
2024-05-10,-0.07031157248438209,-0.05406315822199448
2024-05-13,-0.06543862333543893,0.03124374383900963
2024-05-14,-0.054653495857780586,0.09785444824476763
2024-05-15,-0.0453824386439243,-0.056544729954792206
2024-05-16,-0.04273313526537138,-0.00877419318551742
2024-05-17,-0.031056028317259187,0.24756020146075675
2024-05-20,-0.04385592379670188,0.052570207737427044
2024-05-21,-0.049020744439622926,-0.05622223328396925
2024-05-22,-0.05544656805251151,-0.16159664874176183
2024-05-23,-0.06156336784455318,-0.021357036560350706
2024-05-24,-0.053807504735023784,-0.002613857877016512
2024-05-28,-0.04870483819355461,-0.12715579412072642
2024-05-29,-0.06864236040241384,-0.17037494459167346
2024-05-30,-0.03780919763727597,0.10236808970464861
2024-05-31,-0.06458008285919715,0.007112310253970522
2024-06-03,-0.030203077281508613,-0.03687638106850755
2024-06-04,-0.03469640571818397,-0.004517923682402447
2024-06-05,-0.03599641944208248,0.03462648284706438
2024-06-06,-0.030553642549528578,-0.03750971485094157
2024-06-07,-0.043663987060283266,0.02409315236214571
2024-06-10,-0.0448351338804589,-0.00021895835927177032
2024-06-11,-0.04215368419626311,0.1323865932138235
2024-06-12,-0.043634011127282796,0.13721472078521812
2024-06-13,-0.010704622155515766,-0.03498956347484805
2024-06-14,-0.025725073435393635,0.0443647722531213
2024-06-17,-0.006063061207629451,0.13504104081927193
2024-06-18,-0.012781189324734042,0.06971070059254125
2024-06-20,-0.01808738798120942,-0.10884203752837374
2024-06-21,-0.026234204208902816,-0.06706077013255307
2024-06-24,-0.03227762865483889,0.015391363228168142
2024-06-25,-0.01780768084231856,-0.06639648854764135
2024-06-26,-0.025858300284801024,0.013446389820185312
2024-06-27,-0.020146521791503287,-0.05767012687427919
2024-06-28,-0.030878144900039147,-0.009073714011790135
2024-07-01,-0.01956266458918648,0.03838875835376898
2024-07-02,-0.011134233892545399,-0.029951795482856425
2024-07-03,-0.013476394369649864,0.03277162478662898
2024-07-05,-0.010953504430881302,0.004307471501917126
2024-07-08,-0.016729647204995247,-0.05969916514729845
2024-07-09,-0.007908880671947638,0.06823646902910419
2024-07-10,-0.008738049209571172,-0.1047529706066298
2024-07-11,-0.0075890881030395456,0.13317721352453638
2024-07-12,-0.006309481294067205,0.07099586980364081
2024-07-15,-0.016396254572933467,0.00988574300124867
2024-07-16,-0.027263807771715904,-0.1962645851557756
2024-07-17,-0.01219761349059989,-0.10671168421627164
2024-07-18,-0.023142039932878066,-0.0329075557479972
2024-07-19,-0.029528808578420596,0.07273972683282426
2024-07-22,-0.024348949415309212,-0.07097507705065609
2024-07-23,-0.023180052448007204,-0.25084421098685783
2024-07-24,0.0015468697575427473,-0.12764256014417563
2024-07-25,-0.08014833389348092,0.15242615355603228
2024-07-26,-0.05252255990422485,-0.0049544343192827744
2024-07-29,-0.07962173230601091,-0.17653171069975437
2024-07-30,-0.048806145447456616,0.3433382274919543
2024-07-31,-0.017850252263255227,-0.1754178623243584
2024-08-01,-0.015643445797900005,-0.16466755049266235
2024-08-02,-0.0010807324174706124,-0.2558094606197808
2024-08-05,0.10287089442804,0.2741419414788149
2024-08-06,0.1350297391802077,0.009274477576896922
2024-08-07,0.1059611541628635,0.3378656853341362
2024-08-08,-0.0012920410787972513,-0.05478204492204053
2024-08-09,0.005642345607555315,0.014812175098507074
2024-08-12,0.0003729333496726053,0.30914419739493915
2024-08-13,0.03008390299634166,0.05310530027475613
2024-08-14,0.009677611587104814,0.03295556434389413
2024-08-15,0.02629063998610631,0.008499078550193717
2024-08-16,0.024775378723106836,0.0768930207536136
2024-08-19,0.019825884682116348,-0.08228468443078552
2024-08-20,0.013710676417141084,0.12087886464944986
2024-08-21,0.017036604448649562,0.0793496386881607
2024-08-22,-0.014326152357515337,0.29730597767134803
2024-08-23,-0.03795974715182126,-0.0360465978652158
2024-08-26,-0.030849643478146255,0.06494771353407502
2024-08-27,-0.036869143642874296,-0.10257325408346474
2024-08-28,-0.03517337766175268,-0.013373261185526286
2024-08-29,-0.04758315581531072,0.02824856524743735
2024-08-30,-0.0534245216330431,-0.2592446911702224
2024-09-03,-0.05634859188657086,-0.0437468594178817
2024-09-04,-0.06187053845852856,-0.1890158749284594
2024-09-05,-0.012638644936830892,-0.2037532626292642
2024-09-06,0.10056206846037337,0.024270762080013997
2024-09-09,0.07537485314016051,0.0887711918327514
2024-09-10,-0.0785721969102102,0.09155734658155179
2024-09-11,-0.07158524857434748,0.1733690893255544
2024-09-12,-0.05139283231044362,-0.04865929424415294
2024-09-13,-0.04213021897952649,0.03936936666931756
2024-09-16,-0.037873059785295884,-0.009170189587656918
2024-09-17,-0.03551487342702417,0.029954785229840297
2024-09-18,-0.035446313864802396,0.1354140457899109
2024-09-19,-0.04631091420671171,-0.10449228690486667
2024-09-20,-0.030621161327941904,0.2572552189988513
2024-09-23,-0.060296258250617296,0.037938805898276806
2024-09-24,-0.06150319915055292,0.0015920398009956482
2024-09-25,-0.08220294745868886,0.2358644811213748
2024-09-26,-0.018155282977610165,-0.045760202026979835
2024-09-27,-0.015578115075237552,-0.00048783848963018794
2024-09-30,-0.0183906517525706,-0.1682176606095448
2024-10-01,-0.034752987511410226,-0.06038797423569653
2024-10-02,-0.020696757738088736,-0.08433056809828654
2024-10-03,-0.03499565780630544,0.08367176557001677
2024-10-04,-0.026223812938283592,-0.13128259635052297
2024-10-07,-0.041887651231160034,0.13403821184571085
2024-10-08,-0.014678477709610272,-0.08430887376768748
2024-10-09,-0.008238979132278891,0.046739130434783505
2024-10-10,-0.014769333678784633,0.03383870789989607
2024-10-11,-0.012002389704693668,0.04399919458186052
2024-10-14,-0.019634842788764276,-0.07253427686864389
2024-10-15,-0.0041696401221284415,0.003690538829550727
2024-10-16,0.0011965413018033039,0.019283567934269108
2024-10-17,-0.0025013207320940356,-0.0006814023106422873
2024-10-18,-0.003865593202035294,0.10328638497652398
2024-10-21,-0.016873437126788973,-0.01036351717566153
2024-10-22,-0.01969722234196372,-0.09569484720053645
2024-10-23,0.0036730543073672443,-0.06021532035901478
2024-10-24,-0.007937456240166015,0.13856427378964886
2024-10-25,-0.005582554519185791,-0.05791799651126883
2024-10-28,-0.007998088733972276,-0.06376031213851097
2024-10-29,-0.012564245039282612,-0.02493351063829763
2024-10-30,-0.005935390363391771,-0.36925423098381893
2024-10-31,-0.013849168581505191,-0.11867812911545828
2024-11-01,-0.00011227770475023213,0.10231839258114483
2024-11-04,-0.006299442823553011,0.22504239507341484
2024-11-05,-0.019685079753800856,0.3809631560725202
2024-11-06,-0.0016190892904529568,0.030965224824284432
2024-11-07,0.038529600781686615,0.04833483055194554
2024-11-08,0.040121547207170025,0.011612510101865148
2024-11-11,0.041005522516386284,0.06705314009661878
2024-11-12,0.03243679733280069,-0.008784611014634902
2024-11-13,0.03603120874178293,-0.06687488517361717
2024-11-14,0.049189747346890134,-0.14350482851833957
2024-11-15,0.04511613490672537,0.020089484256681445
2024-11-18,0.018049613968994516,0.056483055282133154
2024-11-19,0.019575530894409224,0.22610238535511384
2024-11-20,0.0026534838970255015,0.005947956062286153
2024-11-21,-0.0031282299245360932,0.03727460395540394
2024-11-22,-0.015785465436219445,-0.03501570465517434
2024-11-25,-0.04992086415647959,-0.12074792735315998
2024-11-26,-0.000827566660720508,-0.13368301284451145
2024-11-27,-0.022395532857954904,0.027163217579311283
2024-11-29,-0.00993201876084489,0.011274627059458142
2024-12-02,-0.01537945176588863,0.061789021561183155
2024-12-03,-0.00799769600101082,0.061190153527539204
2024-12-04,-0.021426370105811575,0.08316251830161181
2024-12-05,-0.04516296490719474,0.29259828911597463
2024-12-06,-0.0614012620068079,-0.11966323332650985
2024-12-09,-0.049905654406704913,-0.0869695095135069
2024-12-10,-0.048802714700562036,0.05265932469857404
2024-12-11,-0.05271199842392139,-0.12680339282136854
2024-12-12,-0.050976582021650604,-0.03411425656016931
2024-12-13,-0.026425469462490282,0.009983787287146884
2024-12-16,-0.02474867736812271,-0.1363502279431491
2024-12-17,-0.03222225538098042,-0.34454139178548804
2024-12-18,0.10756516903660635,-0.15215534696855737
2024-12-19,0.013160561917903258,0.1857342580876915
2024-12-20,0.04561076259764591,0.11027699305473448
2024-12-23,0.01793933669793508,0.07717651985675356
2024-12-24,0.009221273224586563,0.019984485176992806
2024-12-26,0.01960781526652858,-0.13398386716730615
2024-12-27,0.005789141803437976,-0.059589710192119116
2024-12-30,0.010665791617547622,-0.0042153047989623715
2024-12-31,0.027718673088787216,-0.16363288826012679
2025-01-02,0.054356346063759685,0.3161089753788804
2025-01-03,0.005531527368852818,0.07902163716066068
2025-01-06,0.00634801634415068,-0.1442641986093368
2025-01-07,0.06236229579768235,0.05788431422167273
2025-01-08,0.05611727904214229,0.15160693252566038
2025-01-10,0.008237367991388252,0.02118529180404538
2025-01-13,0.061337396794043694,-0.08894690580736819
2025-01-14,0.05285726436558509,0.15474878277340087
2025-01-15,0.07725054411799319,-0.14202620821556278
2025-01-16,0.06640457298234233,0.1306987824727699
2025-01-17,0.06690142350634985,0.19977515950347002
2025-01-21,0.04727240800941417,0.15912464444505825
2025-01-22,0.03266190197090802,0.06452877122697509
2025-01-23,0.03926703841426345,-0.005607784924953174
2025-01-24,0.023800748731688425,-0.1913361521359388
2025-01-27,0.005408462105467214,0.02148301733837865
2025-01-28,0.002043365692546996,0.06740442655935586
2025-01-29,0.003762227714353413,0.024384572466428667
2025-01-30,0.004649148301903365,0.1027921038591515
2025-01-31,-0.04136647144758431,-0.07502487019469462
2025-02-03,-0.03317371138182609,0.02910908608393714
2025-02-04,-0.019204872279041038,-0.07833246816319817
2025-02-05,0.008248457100778163,0.04531902441590541
2025-02-06,-0.019780774869907914,-0.16363276415496208
2025-02-07,-0.05146369735814373,-0.023081414202781536
2025-02-10,-0.023398424517124247,-0.054047575433043615
2025-02-11,-0.03922918939690678,-0.10968863317281052
2025-02-12,-0.06493356662915124,0.18631062043649282
2025-02-13,-0.05653638346140213,0.18897464167585531
2025-02-14,-0.0008730236228584311,-0.05032807482898227
2025-02-18,-0.014367257141429191,0.09184675834970513
2025-02-19,-0.013305427751630221,-0.10974750558083846
2025-02-20,-0.002651225176714779,-0.15277190012695818
2025-02-21,-0.006224632849009701,0.028733130169787957
2025-02-24,-0.011722279804140036,-0.15766077302187698
2025-02-25,0.0038322165471617693,-0.07024766487121359
2025-02-26,-0.005653761737597162,-0.255613570413309
2025-02-27,-0.026985348299595695,0.5235141285580545
2025-02-28,0.05312240614803066,-0.26025205172426435
2025-03-03,0.005554751138750941,-0.11829088763931117
2025-03-04,0.07128253934300624,0.24617084327593042
2025-03-05,0.05564572338204012,-0.29228374841212124
2025-03-06,0.022097455463292545,0.1224442885108239
2025-03-07,0.0961058836542547,-0.2172269187918877
2025-03-10,0.11844076230101434,-0.10259701386211284
2025-03-11,0.1372718757585807,0.1517165322649996
2025-03-12,0.16509062756090087,0.032464712269270724
2025-03-13,0.09992155768921877,0.3918441961332555
2025-03-14,0.08769048921748174,0.115632801910035
2025-03-17,0.09523637545409555,-0.06156543606531939
2025-03-18,0.08306648603456247,0.20178438993300873
2025-03-19,0.03968165802762897,-0.14981868995191394
2025-03-20,0.09273962386130563,0.10091847148202726
2025-03-21,0.00996727021225107,0.2501030335377368
2025-03-24,0.03507331570694228,-0.05917830453595185
2025-03-25,0.013615291255086079,0.04188733750601692
2025-03-26,0.040567434341177204,-0.06211581226875762
2025-03-27,0.028479979590628618,0.05060676478182069
2025-03-28,0.03361103833266842,0.11624162913347491
2025-03-31,0.032014593566914516,-0.016646520755720928
2025-04-01,0.031680801144093954,0.15165612227201497
2025-04-02,0.0031342084474985966,-0.40680311548381365
2025-04-03,0.002196746976486181,-0.3436466957949683
2025-04-04,0.13180879391843178,0.04774511593938291
2025-04-07,0.13443331281088305,-0.2433660924274077
2025-04-08,0.14734542105469978,1.451435161665878
2025-04-09,0.04008014307124116,-0.12220655239748301
2025-04-10,0.045629002393714396,-0.006220796716897792
2025-04-11,0.044960555296957326,0.03161977304722363
2025-04-14,0.03158324557560446,0.029440843677908557
2025-04-15,0.02592830522724519,-0.054233766233766634
2025-04-16,0.06783886499891782,0.06919231743185361
2025-04-17,0.04399301356664518,-0.09279810229999041
2025-04-21,0.0459272431372627,0.09477693802454468
2025-04-22,0.05496566413736947,0.031235049093486067
2025-04-23,0.0439568238018793,0.22455852084476868
2025-04-24,0.033037685455512014,0.2145524462306294
2025-04-25,0.023502120324195738,0.006274716437275174
2025-04-28,0.0010129330621213126,0.062225783086923725
2025-04-29,0.009411579984770933,-0.22721688035543153
2025-04-30,-0.011281131400500157,0.32088239876289104
2025-05-01,-0.0021983777366010805,-0.005476617543262896
2025-05-02,0.0026960294987055204,-0.06684211315748734
2025-05-05,0.01836720719952743,-0.03717904031602237
2025-05-06,0.014504140157783533,0.17485916718500571
2025-05-07,-0.011127140242740467,0.01452511003799839
2025-05-08,-0.020518913031872272,0.17413742258920784
2025-05-09,-0.02479780377627638,0.010601198112295096
2025-05-12,-0.05539312724789665,-0.008462926713405317
2025-05-13,-0.047043694731359276,-0.02607897468060172
2025-05-14,-0.042543944189199046,-0.0033066848621809974
2025-05-15,-0.03016972676532043,0.010406206963305298
2025-05-16,-0.033196476718816724,-0.008126648168982564
2025-05-19,-0.03409438450423802,-0.03416800940020748
2025-05-20,-0.0325755931402065,-0.16501984542342296
2025-05-21,-0.03249600844342275,-0.06411126993960037
2025-05-22,-0.038036749215082405,-0.012500000000000289
2025-05-23,-0.031900489407881504,0.17760042105090057
2025-05-27,-0.025937795810878957,-0.0631704474411694
2025-05-28,-0.03465049935572905,-0.010501978401558976
2025-05-29,-0.02422587272602357,0.0009209516500376935
2025-05-30,-0.028238242023432836,-0.13679690344219186
2025-06-02,-0.009566357704269137,-0.006414255322552798
2025-06-03,-0.005506130635691272,-0.01380691665243583
2025-06-04,-0.00621045564011918,-0.10070982599262357
2025-06-05,-0.031912224299574965,0.04133385680994994
2025-06-06,-0.01853309284429393,-0.0017763894972644412
2025-06-09,-0.006075472880413414,0.0918110949101465
2025-06-10,0.0017031736839470712,0.1873584050747612
2025-06-11,-0.02532411198556221,0.01909585164221328
2025-06-12,-0.01495017766893912,-0.05644996943142422
2025-06-13,-0.017611472629552222,-0.0693406981652539
2025-06-16,-0.006059947322215444,-0.03892889288928936
2025-06-17,-0.010030436850622635,-0.037234113181805584
2025-06-18,-0.011280269774121087,-0.05591590248266842
2025-06-20,-0.007255912402945467,0.043317765142723896
2025-06-23,-0.0029677704732893138,0.046840327381006075
2025-06-24,0.0071267098961798865,0.007520659345479075
2025-06-25,0.011327319592035425,0.11248246225079384
2025-06-26,0.008572515123254278,-0.02911893236259533
2025-06-27,-0.002545640242413374,0.023895996464469826
2025-06-30,-0.010473904152003024,-0.03771154226533324
2025-07-01,-0.0013534123137749936,0.0648849059856722
2025-07-02,-0.01002638010998165,0.021309173422854544
2025-07-03,-0.023832051366974145,0.04163346613545649
2025-07-07,-0.038109783186718545,-0.053029324704106595
2025-07-08,-0.040378810801972566,0.15584679032113202
2025-07-09,-0.05284051633433214,0.011422555048876681
2025-07-10,-0.06192126455589942,0.02174898051653895
2025-07-11,-0.07146822750021566,-0.023888085231187572
2025-07-14,-0.05846840470328492,-0.11831882122428805
2025-07-15,-0.0662960406160345,0.018502170825074105
2025-07-16,-0.06453200421875237,-0.009492848104801443
2025-07-17,-0.03155414773471788,-0.04822550671400305
2025-07-18,-0.04193742459603216,-0.02483704793944641
2025-07-21,-0.03775186129823531,0.007661807912829666
2025-07-22,-0.025750257532616828,0.03552907796367588
2025-07-23,-0.030009603558014818,-0.06747896464251091
2025-07-24,-0.036381128540019105,0.21924696411577238
2025-07-25,-0.03425567026659626,0.006526468455400947
2025-07-28,-0.04982204361645264,-0.10197834515524129
2025-07-29,-0.062158165986745735,-0.06049414596356517
2025-07-30,-0.05115334740139078,-0.007269789983842978
2025-07-31,-0.059941294080845114,-0.3225433316778382
2025-08-01,0.01789500734346975,0.3442318114173779
2025-08-04,-0.03704437696277973,-0.10817061533745453
2025-08-05,-0.05846172790278517,0.01931573108570661
2025-08-06,-0.054440419198831996,-0.001632082070413876
2025-08-07,-0.014372055668956628,0.06445476413914375
2025-08-08,-0.03146484955201072,-0.027667287997470646
2025-08-11,-0.019551394604183748,0.02142456221540301
2025-08-12,-0.019990479518265044,0.027437435211723926
2025-08-13,-0.02848031569692986,-0.035614844450067906
2025-08-14,-0.02224787284206879,-0.0270324389267127
2025-08-15,-0.02285415202372681,0.0318181818181813
2025-08-18,-0.02622381818008457,-0.05265218242317604
2025-08-19,-0.026304506272936855,0.013489387026385025
2025-08-20,-0.025796158392638106,0.18305562074630322
2025-08-21,-0.0262620014386539,0.0036830343136711186
2025-08-22,-0.021975896562194036,0.008458646616541943
2025-08-25,-0.02685496479877112,-0.025779863492469857
2025-08-26,-0.03419861523897844,0.031680041228139943
2025-08-27,-0.04095040317983278,-0.03299782458786016
2025-08-28,0.006188103484533245,-0.06311970979443826
2025-08-29,0.010255134917906002,-0.23122727104351215
2025-09-02,0.0004765779371806923,0.03535317663955939
2025-09-03,0.0013963724832006866,0.1225229396738654
2025-09-04,0.003944698888583667,-0.007987910189982683
2025-09-05,-0.0065438172569119105,0.031168068730506926
2025-09-08,-0.0014974903487240095,0.10220058899853068
2025-09-09,-0.005697658083396158,0.06260707047753167
2025-09-10,-0.005106695019543925,0.11133029199395539
2025-09-11,-0.017927465456543733,-0.09931244775493486
2025-09-12,0.009584144306226745,0.11746366143220066
2025-09-15,-0.014873047022217208,-0.049807772829354224
2025-09-16,-0.0027592904011033907,-0.03910423886963621
2025-09-17,-0.044540937449581756,0.010284473253506787
2025-09-18,-0.016607622079213097,0.12729352077613987
2025-09-19,-0.041029399660960565,0.1686170266350202
2025-09-22,-0.03903328549130305,-0.11826619197747168
2025-09-23,-0.0375048571841285,-0.11569209232352395
2025-09-24,-0.037802636784091855,-0.03623412821307104
2025-09-25,-0.031560901476746415,0.03151898453007762
2025-09-26,-0.0361617112711907,0.0046779499341740305
2025-09-29,-0.03586038447444323,0.007797276433403111
2025-09-30,-0.03107022812569374,-0.04238767223006512
2025-10-01,-0.023339486984148467,0.018373559469450296
2025-10-02,-0.02395371959512875,-0.05650213969061979
2025-10-03,-0.0027105314662513296,0.07300206315829127
2025-10-06,-0.018524392690157734,-0.05135301353013377
2025-10-07,-0.022695592361644153,0.014476012967950647
2025-10-08,-0.022180015337193423,-0.07908983332614905
